Q1	Q2	Q3	Q4	Q5	Q6	Q7_1	Q7_2	q7_3	q8	q9	q10_1	q10_2	q10_3	q10_4	q10_5	q10_6	q10_7	Q11	          Q12	Q13	Q14	q15	q16	q17_1	q17_2	q17_3	q18_1	q18_2	q18_3	Q19	Q20	Q21	Q22	Q23	q24	Q25	Q26	Q27	Q28	Q29	q30	Q31	Q32	          q33	Q34	Q35	Q36	Q37	q38	Q39	Q40	q41	Q42	Q43a	q43b	q44a	q44b	q45	q46	q47	q48	PDCPDCProjectID	PDCPDCAppVer	Date	HTTP_USER_AGENT	REMOTE_ADDR	REMOTE_HOST	REMOTE_USER
1	1																																																													EC Part-Time Faculty Survey	4.01.26	Mon Aug 04 2003 09:58:50	Mozilla/4.0 (compatible; MSIE 6.0; Windows NT 4.0)	155.31.230.223		
1	1																																																													EC Part-Time Faculty Survey	4.01.26	Tue Aug 05 2003 12:03:02	Mozilla/4.0 (compatible; MSIE 6.0; Windows NT 4.0)	155.31.230.223		
1	1																																																													EC Part-Time Faculty Survey	4.01.26	Tue Aug 05 2003 12:03:06	Mozilla/4.0 (compatible; MSIE 6.0; Windows NT 4.0)	155.31.230.223		
1	1																																																													EC Part-Time Faculty Survey	4.01.26	Tue Aug 05 2003 12:03:49	Mozilla/4.0 (compatible; MSIE 6.0; Windows NT 4.0)	155.31.230.223		
1	1																																																													EC Part-Time Faculty Survey	4.01.26	Tue Aug 05 2003 12:21:41	Mozilla/4.0 (compatible; MSIE 6.0; Windows NT 4.0)	155.31.230.223		
1	1																																																													EC Part-Time Faculty Survey	4.01.26	Tue Aug 05 2003 12:22:19	Mozilla/4.0 (compatible; MSIE 6.0; Windows NT 4.0)	155.31.230.223		
																																																													test	EC Part-Time Faculty Survey	4.01.26	Tue Aug 05 2003 12:27:23	Mozilla/4.0 (compatible; MSIE 6.0; Windows NT 5.0)	155.31.19.125		
1	1																																																													EC Part-Time Faculty Survey	4.01.26	Tue Aug 05 2003 12:28:14	Mozilla/4.0 (compatible; MSIE 6.0; Windows NT 4.0)	155.31.230.223		
																																																														EC Part-Time Faculty Survey	4.01.26	Tue Aug 05 2003 17:21:09	Mozilla/4.0 (compatible; MSIE 6.0; Windows NT 5.0)	155.31.19.125		
